Symbol,,Name_Company
AAA,http://s.cafef.vn/hose/AAA-cong-ty-co-phan-nhua-an-phat-xanh.chn,cong-ty-co-phan-nhua-an-phat-xanh.chn
AAM,http://s.cafef.vn/hose/AAM-cong-ty-co-phan-thuy-san-mekong.chn,cong-ty-co-phan-thuy-san-mekong.chn
AAT,http://s.cafef.vn/hose/AAT-cong-ty-co-phan-tien-son-thanh-hoa.chn,cong-ty-co-phan-tien-son-thanh-hoa.chn
ABS,http://s.cafef.vn/hose/ABS-cong-ty-co-phan-dich-vu-nong-nghiep-binh-thuan.chn,cong-ty-co-phan-dich-vu-nong-nghiep-binh-thuan.chn
ABT,http://s.cafef.vn/hose/ABT-cong-ty-co-phan-xuat-nhap-khau-thuy-san-ben-tre.chn,cong-ty-co-phan-xuat-nhap-khau-thuy-san-ben-tre.chn
ACC,http://s.cafef.vn/hose/ACC-cong-ty-co-phan-dau-tu-va-xay-dung-binh-duong-acc.chn,cong-ty-co-phan-dau-tu-va-xay-dung-binh-duong-acc.chn
ACL,http://s.cafef.vn/hose/ACL-cong-ty-co-phan-xuat-nhap-khau-thuy-san-cuu-long-an-giang.chn,cong-ty-co-phan-xuat-nhap-khau-thuy-san-cuu-long-an-giang.chn
ADG,http://s.cafef.vn/hose/ADG-cong-ty-co-phan-clever-group.chn,cong-ty-co-phan-clever-group.chn
ADS,http://s.cafef.vn/hose/ADS-cong-ty-co-phan-damsan.chn,cong-ty-co-phan-damsan.chn
AGG,http://s.cafef.vn/hose/AGG-cong-ty-co-phan-dau-tu-va-phat-trien-bat-dong-san-an-gia.chn,cong-ty-co-phan-dau-tu-va-phat-trien-bat-dong-san-an-gia.chn
AGM,http://s.cafef.vn/hose/AGM-cong-ty-co-phan-xuat-nhap-khau-an-giang.chn,cong-ty-co-phan-xuat-nhap-khau-an-giang.chn
AGR,http://s.cafef.vn/hose/AGR-cong-ty-co-phan-chung-khoan-agribank.chn,cong-ty-co-phan-chung-khoan-agribank.chn
AMD,http://s.cafef.vn/hose/AMD-cong-ty-co-phan-dau-tu-va-khoang-san-flc-stone.chn,cong-ty-co-phan-dau-tu-va-khoang-san-flc-stone.chn
ANV,http://s.cafef.vn/hose/ANV-cong-ty-co-phan-nam-viet.chn,cong-ty-co-phan-nam-viet.chn
APC,http://s.cafef.vn/hose/APC-cong-ty-co-phan-chieu-xa-an-phu.chn,cong-ty-co-phan-chieu-xa-an-phu.chn
APG,http://s.cafef.vn/hose/APG-cong-ty-co-phan-chung-khoan-apg.chn,cong-ty-co-phan-chung-khoan-apg.chn
APH,http://s.cafef.vn/hose/APH-cong-ty-co-phan-tap-doan-an-phat-holdings.chn,cong-ty-co-phan-tap-doan-an-phat-holdings.chn
ASG,http://s.cafef.vn/hose/ASG-co-phieu-cong-ty-co-phan-tap-doan-asg.chn,co-phieu-cong-ty-co-phan-tap-doan-asg.chn
ASM,http://s.cafef.vn/hose/ASM-cong-ty-co-phan-tap-doan-sao-mai.chn,cong-ty-co-phan-tap-doan-sao-mai.chn
ASP,http://s.cafef.vn/hose/ASP-cong-ty-co-phan-tap-doan-dau-khi-an-pha.chn,cong-ty-co-phan-tap-doan-dau-khi-an-pha.chn
AST,http://s.cafef.vn/hose/AST-cong-ty-co-phan-dich-vu-hang-khong-taseco.chn,cong-ty-co-phan-dich-vu-hang-khong-taseco.chn
ATG,http://s.cafef.vn/hose/ATG-cong-ty-co-phan-an-truong-an.chn,cong-ty-co-phan-an-truong-an.chn
BBC,http://s.cafef.vn/hose/BBC-cong-ty-co-phan-bibica.chn,cong-ty-co-phan-bibica.chn
BCE,http://s.cafef.vn/hose/BCE-cong-ty-co-phan-xay-dung-va-giao-thong-binh-duong.chn,cong-ty-co-phan-xay-dung-va-giao-thong-binh-duong.chn
BCG,http://s.cafef.vn/hose/BCG-cong-ty-co-phan-bamboo-capital.chn,cong-ty-co-phan-bamboo-capital.chn
BCM,http://s.cafef.vn/hose/BCM-tong-cong-ty-dau-tu-va-phat-trien-cong-nghiep-ctcp.chn,tong-cong-ty-dau-tu-va-phat-trien-cong-nghiep-ctcp.chn
BFC,http://s.cafef.vn/hose/BFC-cong-ty-co-phan-phan-bon-binh-dien.chn,cong-ty-co-phan-phan-bon-binh-dien.chn
BHN,http://s.cafef.vn/hose/BHN-tong-ctcp-bia-ruou-nuoc-giai-khat-ha-noi.chn,tong-ctcp-bia-ruou-nuoc-giai-khat-ha-noi.chn
BIC,http://s.cafef.vn/hose/BIC-tong-cong-ty-co-phan-bao-hiem-ngan-hang-dau-tu-va-phat-trien-viet-nam.chn,tong-cong-ty-co-phan-bao-hiem-ngan-hang-dau-tu-va-phat-trien-viet-nam.chn
BKG,http://s.cafef.vn/hose/BKG-cong-ty-co-phan-dau-tu-bkg-viet-nam.chn,cong-ty-co-phan-dau-tu-bkg-viet-nam.chn
BMC,http://s.cafef.vn/hose/BMC-cong-ty-co-phan-khoang-san-binh-dinh.chn,cong-ty-co-phan-khoang-san-binh-dinh.chn
BMI,http://s.cafef.vn/hose/BMI-tong-cong-ty-co-phan-bao-minh.chn,tong-cong-ty-co-phan-bao-minh.chn
BMP,http://s.cafef.vn/hose/BMP-cong-ty-co-phan-nhua-binh-minh.chn,cong-ty-co-phan-nhua-binh-minh.chn
BRC,http://s.cafef.vn/hose/BRC-cong-ty-co-phan-cao-su-ben-thanh.chn,cong-ty-co-phan-cao-su-ben-thanh.chn
BSI,http://s.cafef.vn/hose/BSI-cong-ty-co-phan-chung-khoan-ngan-hang-dau-tu-va-phat-trien-viet-nam.chn,cong-ty-co-phan-chung-khoan-ngan-hang-dau-tu-va-phat-trien-viet-nam.chn
BTP,http://s.cafef.vn/hose/BTP-cong-ty-co-phan-nhiet-dien-ba-ria.chn,cong-ty-co-phan-nhiet-dien-ba-ria.chn
BTT,http://s.cafef.vn/hose/BTT-cong-ty-co-phan-thuong-mai-dich-vu-ben-thanh.chn,cong-ty-co-phan-thuong-mai-dich-vu-ben-thanh.chn
BVH,http://s.cafef.vn/hose/BVH-tap-doan-bao-viet.chn,tap-doan-bao-viet.chn
BWE,http://s.cafef.vn/hose/BWE-cong-ty-co-phan-nuoc-moi-truong-binh-duong.chn,cong-ty-co-phan-nuoc-moi-truong-binh-duong.chn
C32,http://s.cafef.vn/hose/C32-cong-ty-co-phan-cic39.chn,cong-ty-co-phan-cic39.chn
C47,http://s.cafef.vn/hose/C47-cong-ty-co-phan-xay-dung-47.chn,cong-ty-co-phan-xay-dung-47.chn
CAV,http://s.cafef.vn/hose/CAV-cong-ty-co-phan-day-cap-dien-viet-nam.chn,cong-ty-co-phan-day-cap-dien-viet-nam.chn
CCI,http://s.cafef.vn/hose/CCI-cong-ty-co-phan-dau-tu-phat-trien-cong-nghiep-thuong-mai-cu-chi.chn,cong-ty-co-phan-dau-tu-phat-trien-cong-nghiep-thuong-mai-cu-chi.chn
CCL,http://s.cafef.vn/hose/CCL-cong-ty-co-phan-dau-tu-va-phat-trien-do-thi-dau-khi-cuu-long.chn,cong-ty-co-phan-dau-tu-va-phat-trien-do-thi-dau-khi-cuu-long.chn
CDC,http://s.cafef.vn/hose/CDC-cong-ty-co-phan-chuong-duong.chn,cong-ty-co-phan-chuong-duong.chn
CEE,http://s.cafef.vn/hose/CEE-cong-ty-co-phan-xay-dung-ha-tang-cii.chn,cong-ty-co-phan-xay-dung-ha-tang-cii.chn
CHP,http://s.cafef.vn/hose/CHP-cong-ty-co-phan-thuy-dien-mien-trung.chn,cong-ty-co-phan-thuy-dien-mien-trung.chn
CIG,http://s.cafef.vn/hose/CIG-cong-ty-co-phan-coma18.chn,cong-ty-co-phan-coma18.chn
CII,http://s.cafef.vn/hose/CII-cong-ty-co-phan-dau-tu-ha-tang-ky-thuat-tp-ho-chi-minh.chn,cong-ty-co-phan-dau-tu-ha-tang-ky-thuat-tp-ho-chi-minh.chn
CKG,http://s.cafef.vn/hose/CKG-ctcp-tap-doan-tu-van-dau-tu--xay-dung-kien-giang.chn,ctcp-tap-doan-tu-van-dau-tu--xay-dung-kien-giang.chn
CLC,http://s.cafef.vn/hose/CLC-cong-ty-co-phan-cat-loi.chn,cong-ty-co-phan-cat-loi.chn
CLG,http://s.cafef.vn/hose/CLG-cong-ty-co-phan-dau-tu-va-phat-trien-nha-dat-cotec.chn,cong-ty-co-phan-dau-tu-va-phat-trien-nha-dat-cotec.chn
CLL,http://s.cafef.vn/hose/CLL-cong-ty-co-phan-cang-cat-lai.chn,cong-ty-co-phan-cang-cat-lai.chn
CLW,http://s.cafef.vn/hose/CLW-cong-ty-co-phan-cap-nuoc-cho-lon.chn,cong-ty-co-phan-cap-nuoc-cho-lon.chn
CMG,http://s.cafef.vn/hose/CMG-cong-ty-co-phan-tap-doan-cong-nghe-cmc.chn,cong-ty-co-phan-tap-doan-cong-nghe-cmc.chn
CMV,http://s.cafef.vn/hose/CMV-cong-ty-co-phan-thuong-nghiep-ca-mau.chn,cong-ty-co-phan-thuong-nghiep-ca-mau.chn
CMX,http://s.cafef.vn/hose/CMX-cong-ty-co-phan-camimex-group.chn,cong-ty-co-phan-camimex-group.chn
CNG,http://s.cafef.vn/hose/CNG-cong-ty-co-phan-cng-viet-nam.chn,cong-ty-co-phan-cng-viet-nam.chn
COM,http://s.cafef.vn/hose/COM-cong-ty-co-phan-vat-tu-xang-dau.chn,cong-ty-co-phan-vat-tu-xang-dau.chn
CRC,http://s.cafef.vn/hose/CRC-cong-ty-co-phan-create-capital-viet-nam.chn,cong-ty-co-phan-create-capital-viet-nam.chn
CRE,http://s.cafef.vn/hose/CRE-cong-ty-co-phan-bat-dong-san-the-ky.chn,cong-ty-co-phan-bat-dong-san-the-ky.chn
CSM,http://s.cafef.vn/hose/CSM-cong-ty-co-phan-cong-nghiep-cao-su-mien-nam.chn,cong-ty-co-phan-cong-nghiep-cao-su-mien-nam.chn
CSV,http://s.cafef.vn/hose/CSV-cong-ty-co-phan-hoa-chat-co-ban-mien-nam.chn,cong-ty-co-phan-hoa-chat-co-ban-mien-nam.chn
CTD,http://s.cafef.vn/hose/CTD-cong-ty-co-phan-xay-dung-coteccons.chn,cong-ty-co-phan-xay-dung-coteccons.chn
CTF,http://s.cafef.vn/hose/CTF-cong-ty-co-phan-city-auto.chn,cong-ty-co-phan-city-auto.chn
CTI,http://s.cafef.vn/hose/CTI-cong-ty-co-phan-dau-tu-phat-trien-cuong-thuan-idico.chn,cong-ty-co-phan-dau-tu-phat-trien-cuong-thuan-idico.chn
CTS,http://s.cafef.vn/hose/CTS-cong-ty-co-phan-chung-khoan-ngan-hang-cong-thuong-viet-nam.chn,cong-ty-co-phan-chung-khoan-ngan-hang-cong-thuong-viet-nam.chn
CVT,http://s.cafef.vn/hose/CVT-cong-ty-co-phan-cmc.chn,cong-ty-co-phan-cmc.chn
D2D,http://s.cafef.vn/hose/D2D-cong-ty-co-phan-phat-trien-do-thi-cong-nghiep-so-2.chn,cong-ty-co-phan-phat-trien-do-thi-cong-nghiep-so-2.chn
DAG,http://s.cafef.vn/hose/DAG-cong-ty-co-phan-tap-doan-nhua-dong-a.chn,cong-ty-co-phan-tap-doan-nhua-dong-a.chn
DAH,http://s.cafef.vn/hose/DAH-cong-ty-co-phan-tap-doan-khach-san-dong-a.chn,cong-ty-co-phan-tap-doan-khach-san-dong-a.chn
DAT,http://s.cafef.vn/hose/DAT-cong-ty-co-phan-dau-tu-du-lich-va-phat-trien-thuy-san.chn,cong-ty-co-phan-dau-tu-du-lich-va-phat-trien-thuy-san.chn
DBC,http://s.cafef.vn/hose/DBC-cong-ty-co-phan-tap-doan-dabaco-viet-nam.chn,cong-ty-co-phan-tap-doan-dabaco-viet-nam.chn
DBD,http://s.cafef.vn/hose/DBD-cong-ty-co-phan-duoc-trang-thiet-bi-y-te-binh-dinh.chn,cong-ty-co-phan-duoc-trang-thiet-bi-y-te-binh-dinh.chn
DBT,http://s.cafef.vn/hose/DBT-cong-ty-co-phan-duoc-pham-ben-tre.chn,cong-ty-co-phan-duoc-pham-ben-tre.chn
DC4,http://s.cafef.vn/hose/DC4-cong-ty-co-phan-xay-dung-dic-holdings.chn,cong-ty-co-phan-xay-dung-dic-holdings.chn
DCL,http://s.cafef.vn/hose/DCL-cong-ty-co-phan-duoc-pham-cuu-long.chn,cong-ty-co-phan-duoc-pham-cuu-long.chn
DCM,http://s.cafef.vn/hose/DCM-cong-ty-co-phan-phan-bon-dau-khi-ca-mau.chn,cong-ty-co-phan-phan-bon-dau-khi-ca-mau.chn
DGC,http://s.cafef.vn/hose/DGC-cong-ty-co-phan-tap-doan-hoa-chat-duc-giang.chn,cong-ty-co-phan-tap-doan-hoa-chat-duc-giang.chn
DGW,http://s.cafef.vn/hose/DGW-cong-ty-co-phan-the-gioi-so.chn,cong-ty-co-phan-the-gioi-so.chn
DHA,http://s.cafef.vn/hose/DHA-cong-ty-co-phan-hoa-an.chn,cong-ty-co-phan-hoa-an.chn
DHC,http://s.cafef.vn/hose/DHC-cong-ty-co-phan-dong-hai-ben-tre.chn,cong-ty-co-phan-dong-hai-ben-tre.chn
DHG,http://s.cafef.vn/hose/DHG-cong-ty-co-phan-duoc-hau-giang.chn,cong-ty-co-phan-duoc-hau-giang.chn
DHM,http://s.cafef.vn/hose/DHM-cong-ty-co-phan-thuong-mai-va-khai-thac-khoang-san-duong-hieu.chn,cong-ty-co-phan-thuong-mai-va-khai-thac-khoang-san-duong-hieu.chn
DIG,http://s.cafef.vn/hose/DIG-tong-cong-ty-co-phan-dau-tu-phat-trien-xay-dung.chn,tong-cong-ty-co-phan-dau-tu-phat-trien-xay-dung.chn
DLG,http://s.cafef.vn/hose/DLG-cong-ty-co-phan-tap-doan-duc-long-gia-lai.chn,cong-ty-co-phan-tap-doan-duc-long-gia-lai.chn
DMC,http://s.cafef.vn/hose/DMC-cong-ty-co-phan-xuat-nhap-khau-y-te-domesco.chn,cong-ty-co-phan-xuat-nhap-khau-y-te-domesco.chn
DPG,http://s.cafef.vn/hose/DPG-cong-ty-co-phan-dat-phuong.chn,cong-ty-co-phan-dat-phuong.chn
DPM,http://s.cafef.vn/hose/DPM-tong-cong-ty-phan-bon-va-hoa-chat-dau-khictcp.chn,tong-cong-ty-phan-bon-va-hoa-chat-dau-khictcp.chn
DPR,http://s.cafef.vn/hose/DPR-cong-ty-co-phan-cao-su-dong-phu.chn,cong-ty-co-phan-cao-su-dong-phu.chn
DQC,http://s.cafef.vn/hose/DQC-cong-ty-co-phan-bong-den-dien-quang.chn,cong-ty-co-phan-bong-den-dien-quang.chn
DRC,http://s.cafef.vn/hose/DRC-cong-ty-co-phan-cao-su-da-nang.chn,cong-ty-co-phan-cao-su-da-nang.chn
DRH,http://s.cafef.vn/hose/DRH-cong-ty-co-phan-drh-holdings.chn,cong-ty-co-phan-drh-holdings.chn
DRL,http://s.cafef.vn/hose/DRL-cong-ty-co-phan-thuy-dien-dien-luc-3.chn,cong-ty-co-phan-thuy-dien-dien-luc-3.chn
DSN,http://s.cafef.vn/hose/DSN-cong-ty-co-phan-cong-vien-nuoc-dam-sen.chn,cong-ty-co-phan-cong-vien-nuoc-dam-sen.chn
DTA,http://s.cafef.vn/hose/DTA-cong-ty-co-phan-de-tam.chn,cong-ty-co-phan-de-tam.chn
DTL,http://s.cafef.vn/hose/DTL-cong-ty-co-phan-dai-thien-loc.chn,cong-ty-co-phan-dai-thien-loc.chn
DTT,http://s.cafef.vn/hose/DTT-cong-ty-co-phan-ky-nghe-do-thanh.chn,cong-ty-co-phan-ky-nghe-do-thanh.chn
DVP,http://s.cafef.vn/hose/DVP-cong-ty-co-phan-dau-tu-va-phat-trien-cang-dinh-vu.chn,cong-ty-co-phan-dau-tu-va-phat-trien-cang-dinh-vu.chn
DXG,http://s.cafef.vn/hose/DXG-cong-ty-co-phan-tap-doan-dat-xanh.chn,cong-ty-co-phan-tap-doan-dat-xanh.chn
DXV,http://s.cafef.vn/hose/DXV-cong-ty-co-phan-vicem-vat-lieu-xay-dung-da-nang.chn,cong-ty-co-phan-vicem-vat-lieu-xay-dung-da-nang.chn
ELC,http://s.cafef.vn/hose/ELC-cong-ty-co-phan-dau-tu-phat-trien-cong-nghe-dien-tu-vien-thong.chn,cong-ty-co-phan-dau-tu-phat-trien-cong-nghe-dien-tu-vien-thong.chn
EMC,http://s.cafef.vn/hose/EMC-cong-ty-co-phan-co-dien-thu-duc.chn,cong-ty-co-phan-co-dien-thu-duc.chn
EVE,http://s.cafef.vn/hose/EVE-cong-ty-co-phan-everpia.chn,cong-ty-co-phan-everpia.chn
EVG,http://s.cafef.vn/hose/EVG-cong-ty-co-phan-dau-tu-everland.chn,cong-ty-co-phan-dau-tu-everland.chn
FCM,http://s.cafef.vn/hose/FCM-cong-ty-co-phan-khoang-san-fecon.chn,cong-ty-co-phan-khoang-san-fecon.chn
FCN,http://s.cafef.vn/hose/FCN-cong-ty-co-phan-fecon.chn,cong-ty-co-phan-fecon.chn
FDC,http://s.cafef.vn/hose/FDC-cong-ty-co-phan-ngoai-thuong-va-phat-trien-dau-tu-thanh-pho-ho-chi-minh.chn,cong-ty-co-phan-ngoai-thuong-va-phat-trien-dau-tu-thanh-pho-ho-chi-minh.chn
FIR,http://s.cafef.vn/hose/FIR-cong-ty-co-phan-dia-oc-first-real.chn,cong-ty-co-phan-dia-oc-first-real.chn
FIT,http://s.cafef.vn/hose/FIT-cong-ty-co-phan-tap-doan-fit.chn,cong-ty-co-phan-tap-doan-fit.chn
FLC,http://s.cafef.vn/hose/FLC-cong-ty-co-phan-tap-doan-flc.chn,cong-ty-co-phan-tap-doan-flc.chn
FMC,http://s.cafef.vn/hose/FMC-cong-ty-co-phan-thuc-pham-sao-ta.chn,cong-ty-co-phan-thuc-pham-sao-ta.chn
FPT,http://s.cafef.vn/hose/FPT-cong-ty-co-phan-fpt.chn,cong-ty-co-phan-fpt.chn
FRT,http://s.cafef.vn/hose/FRT-cong-ty-co-phan-ban-le-ky-thuat-so-fpt.chn,cong-ty-co-phan-ban-le-ky-thuat-so-fpt.chn
FTM,http://s.cafef.vn/hose/FTM-cong-ty-co-phan-dau-tu-va-phat-trien-duc-quan.chn,cong-ty-co-phan-dau-tu-va-phat-trien-duc-quan.chn
FTS,http://s.cafef.vn/hose/FTS-cong-ty-co-phan-chung-khoan-fpt.chn,cong-ty-co-phan-chung-khoan-fpt.chn
GAB,http://s.cafef.vn/hose/GAB-cong-ty-co-phan-dau-tu-khai-khoang-va-quan-ly-tai-san-flc.chn,cong-ty-co-phan-dau-tu-khai-khoang-va-quan-ly-tai-san-flc.chn
GAS,http://s.cafef.vn/hose/GAS-tong-cong-ty-khi-viet-namctcp.chn,tong-cong-ty-khi-viet-namctcp.chn
GDT,http://s.cafef.vn/hose/GDT-cong-ty-co-phan-che-bien-go-duc-thanh.chn,cong-ty-co-phan-che-bien-go-duc-thanh.chn
GEG,http://s.cafef.vn/hose/GEG-cong-ty-co-phan-dien-gia-lai.chn,cong-ty-co-phan-dien-gia-lai.chn
GEX,http://s.cafef.vn/hose/GEX-tong-cong-ty-co-phan-thiet-bi-dien-viet-nam.chn,tong-cong-ty-co-phan-thiet-bi-dien-viet-nam.chn
GIL,http://s.cafef.vn/hose/GIL-cong-ty-co-phan-san-xuat-kinh-doanh-xuat-nhap-khau-binh-thanh.chn,cong-ty-co-phan-san-xuat-kinh-doanh-xuat-nhap-khau-binh-thanh.chn
GMC,http://s.cafef.vn/hose/GMC-cong-ty-co-phan-garmex-sai-gon.chn,cong-ty-co-phan-garmex-sai-gon.chn
GMD,http://s.cafef.vn/hose/GMD-cong-ty-co-phan-gemadept.chn,cong-ty-co-phan-gemadept.chn
GSP,http://s.cafef.vn/hose/GSP-cong-ty-co-phan-van-tai-san-pham-khi-quoc-te.chn,cong-ty-co-phan-van-tai-san-pham-khi-quoc-te.chn
GTA,http://s.cafef.vn/hose/GTA-cong-ty-co-phan-che-bien-go-thuan-an.chn,cong-ty-co-phan-che-bien-go-thuan-an.chn
GTN,http://s.cafef.vn/hose/GTN-cong-ty-co-phan-gtnfoods.chn,cong-ty-co-phan-gtnfoods.chn
GVR,http://s.cafef.vn/hose/GVR-tap-doan-cong-nghiep-cao-su-viet-nam.chn,tap-doan-cong-nghiep-cao-su-viet-nam.chn
HAG,http://s.cafef.vn/hose/HAG-cong-ty-co-phan-hoang-anh-gia-lai.chn,cong-ty-co-phan-hoang-anh-gia-lai.chn
HAH,http://s.cafef.vn/hose/HAH-cong-ty-co-phan-van-tai-va-xep-do-hai-an.chn,cong-ty-co-phan-van-tai-va-xep-do-hai-an.chn
HAI,http://s.cafef.vn/hose/HAI-cong-ty-co-phan-nong-duoc-hai.chn,cong-ty-co-phan-nong-duoc-hai.chn
HAP,http://s.cafef.vn/hose/HAP-cong-ty-co-phan-tap-doan-hapaco.chn,cong-ty-co-phan-tap-doan-hapaco.chn
HAR,http://s.cafef.vn/hose/HAR-cong-ty-co-phan-dau-tu-thuong-mai-bat-dong-san-an-duong-thao-dien.chn,cong-ty-co-phan-dau-tu-thuong-mai-bat-dong-san-an-duong-thao-dien.chn
HAS,http://s.cafef.vn/hose/HAS-cong-ty-co-phan-hacisco.chn,cong-ty-co-phan-hacisco.chn
HAX,http://s.cafef.vn/hose/HAX-cong-ty-co-phan-dich-vu-o-to-hang-xanh.chn,cong-ty-co-phan-dich-vu-o-to-hang-xanh.chn
HBC,http://s.cafef.vn/hose/HBC-cong-ty-co-phan-tap-doan-xay-dung-hoa-binh.chn,cong-ty-co-phan-tap-doan-xay-dung-hoa-binh.chn
HCD,http://s.cafef.vn/hose/HCD-cong-ty-co-phan-dau-tu-san-xuat-va-thuong-mai-hcd.chn,cong-ty-co-phan-dau-tu-san-xuat-va-thuong-mai-hcd.chn
HCM,http://s.cafef.vn/hose/HCM-cong-ty-co-phan-chung-khoan-thanh-pho-ho-chi-minh.chn,cong-ty-co-phan-chung-khoan-thanh-pho-ho-chi-minh.chn
HDC,http://s.cafef.vn/hose/HDC-cong-ty-co-phan-phat-trien-nha-ba-riavung-tau.chn,cong-ty-co-phan-phat-trien-nha-ba-riavung-tau.chn
HDG,http://s.cafef.vn/hose/HDG-cong-ty-co-phan-tap-doan-ha-do.chn,cong-ty-co-phan-tap-doan-ha-do.chn
HHP,http://s.cafef.vn/hose/HHP-cong-ty-co-phan-giay-hoang-ha-hai-phong.chn,cong-ty-co-phan-giay-hoang-ha-hai-phong.chn
HHS,http://s.cafef.vn/hose/HHS-cong-ty-co-phan-dau-tu-dich-vu-hoang-huy.chn,cong-ty-co-phan-dau-tu-dich-vu-hoang-huy.chn
HID,http://s.cafef.vn/hose/HID-cong-ty-co-phan-halcom-viet-nam.chn,cong-ty-co-phan-halcom-viet-nam.chn
HII,http://s.cafef.vn/hose/HII-cong-ty-co-phan-an-tien-industries.chn,cong-ty-co-phan-an-tien-industries.chn
HMC,http://s.cafef.vn/hose/HMC-cong-ty-co-phan-kim-khi-thanh-pho-ho-chi-minh-vnsteel.chn,cong-ty-co-phan-kim-khi-thanh-pho-ho-chi-minh-vnsteel.chn
HNG,http://s.cafef.vn/hose/HNG-cong-ty-co-phan-nong-nghiep-quoc-te-hoang-anh-gia-lai.chn,cong-ty-co-phan-nong-nghiep-quoc-te-hoang-anh-gia-lai.chn
HOT,http://s.cafef.vn/hose/HOT-cong-ty-co-phan-du-lich-dich-vu-hoi-an.chn,cong-ty-co-phan-du-lich-dich-vu-hoi-an.chn
HPG,http://s.cafef.vn/hose/HPG-cong-ty-co-phan-tap-doan-hoa-phat.chn,cong-ty-co-phan-tap-doan-hoa-phat.chn
HPX,http://s.cafef.vn/hose/HPX-cong-ty-co-phan-dau-tu-hai-phat.chn,cong-ty-co-phan-dau-tu-hai-phat.chn
HQC,http://s.cafef.vn/hose/HQC-cong-ty-co-phan-tu-vanthuong-maidich-vu-dia-oc-hoang-quan.chn,cong-ty-co-phan-tu-vanthuong-maidich-vu-dia-oc-hoang-quan.chn
HRC,http://s.cafef.vn/hose/HRC-cong-ty-co-phan-cao-su-hoa-binh.chn,cong-ty-co-phan-cao-su-hoa-binh.chn
HSG,http://s.cafef.vn/hose/HSG-cong-ty-co-phan-tap-doan-hoa-sen.chn,cong-ty-co-phan-tap-doan-hoa-sen.chn
HSL,http://s.cafef.vn/hose/HSL-cong-ty-co-phan-dau-tu-phat-trien-thuc-pham-hong-ha.chn,cong-ty-co-phan-dau-tu-phat-trien-thuc-pham-hong-ha.chn
HT1,http://s.cafef.vn/hose/HT1-cong-ty-co-phan-xi-mang-vicem-ha-tien.chn,cong-ty-co-phan-xi-mang-vicem-ha-tien.chn
HTI,http://s.cafef.vn/hose/HTI-cong-ty-co-phan-dau-tu-phat-trien-ha-tang-idico.chn,cong-ty-co-phan-dau-tu-phat-trien-ha-tang-idico.chn
HTL,http://s.cafef.vn/hose/HTL-cong-ty-co-phan-ky-thuat-va-o-to-truong-long.chn,cong-ty-co-phan-ky-thuat-va-o-to-truong-long.chn
HTN,http://s.cafef.vn/hose/HTN-cong-ty-co-phan-hung-thinh-incons.chn,cong-ty-co-phan-hung-thinh-incons.chn
HTV,http://s.cafef.vn/hose/HTV-cong-ty-co-phan-logistics-vicem.chn,cong-ty-co-phan-logistics-vicem.chn
HU1,http://s.cafef.vn/hose/HU1-cong-ty-co-phan-dau-tu-va-xay-dung-hud1.chn,cong-ty-co-phan-dau-tu-va-xay-dung-hud1.chn
HU3,http://s.cafef.vn/hose/HU3-cong-ty-co-phan-dau-tu-va-xay-dung-hud3.chn,cong-ty-co-phan-dau-tu-va-xay-dung-hud3.chn
HUB,http://s.cafef.vn/hose/HUB-cong-ty-co-phan-xay-lap-thua-thien-hue.chn,cong-ty-co-phan-xay-lap-thua-thien-hue.chn
HVH,http://s.cafef.vn/hose/HVH-cong-ty-co-phan-dau-tu-va-cong-nghe-hvc.chn,cong-ty-co-phan-dau-tu-va-cong-nghe-hvc.chn
HVN,http://s.cafef.vn/hose/HVN-tong-cong-ty-hang-khong-viet-nam-ctcp.chn,tong-cong-ty-hang-khong-viet-nam-ctcp.chn
HVX,http://s.cafef.vn/hose/HVX-cong-ty-co-phan-xi-mang-vicem-hai-van.chn,cong-ty-co-phan-xi-mang-vicem-hai-van.chn
IBC,http://s.cafef.vn/hose/IBC-cong-ty-co-phan-dau-tu-apax-holdings.chn,cong-ty-co-phan-dau-tu-apax-holdings.chn
ICT,http://s.cafef.vn/hose/ICT-cong-ty-co-phan-vien-thong-tin-hoc-buu-dien.chn,cong-ty-co-phan-vien-thong-tin-hoc-buu-dien.chn
IDI,http://s.cafef.vn/hose/IDI-cong-ty-co-phan-dau-tu-va-phat-trien-da-quoc-gia-idi.chn,cong-ty-co-phan-dau-tu-va-phat-trien-da-quoc-gia-idi.chn
IJC,http://s.cafef.vn/hose/IJC-cong-ty-co-phan-phat-trien-ha-tang-ky-thuat.chn,cong-ty-co-phan-phat-trien-ha-tang-ky-thuat.chn
ILB,http://s.cafef.vn/hose/ILB-cong-ty-co-phan-icd-tan-cang-long-binh.chn,cong-ty-co-phan-icd-tan-cang-long-binh.chn
IMP,http://s.cafef.vn/hose/IMP-cong-ty-co-phan-duoc-pham-imexpharm.chn,cong-ty-co-phan-duoc-pham-imexpharm.chn
ITA,http://s.cafef.vn/hose/ITA-cong-ty-co-phan-dau-tu-va-cong-nghiep-tan-tao.chn,cong-ty-co-phan-dau-tu-va-cong-nghiep-tan-tao.chn
ITC,http://s.cafef.vn/hose/ITC-cong-ty-co-phan-dau-tu-kinh-doanh-nha.chn,cong-ty-co-phan-dau-tu-kinh-doanh-nha.chn
ITD,http://s.cafef.vn/hose/ITD-cong-ty-co-phan-cong-nghe-tien-phong.chn,cong-ty-co-phan-cong-nghe-tien-phong.chn
JVC,http://s.cafef.vn/hose/JVC-cong-ty-co-phan-thiet-bi-y-te-viet-nhat.chn,cong-ty-co-phan-thiet-bi-y-te-viet-nhat.chn
KBC,http://s.cafef.vn/hose/KBC-tong-cong-ty-phat-trien-do-thi-kinh-bacctcp.chn,tong-cong-ty-phat-trien-do-thi-kinh-bacctcp.chn
KDC,http://s.cafef.vn/hose/KDC-cong-ty-co-phan-tap-doan-kido.chn,cong-ty-co-phan-tap-doan-kido.chn
KDH,http://s.cafef.vn/hose/KDH-cong-ty-co-phan-dau-tu-kinh-doanh-nha-khang-dien.chn,cong-ty-co-phan-dau-tu-kinh-doanh-nha-khang-dien.chn
KHP,http://s.cafef.vn/hose/KHP-cong-ty-co-phan-dien-luc-khanh-hoa.chn,cong-ty-co-phan-dien-luc-khanh-hoa.chn
KMR,http://s.cafef.vn/hose/KMR-cong-ty-co-phan-mirae.chn,cong-ty-co-phan-mirae.chn
KOS,http://s.cafef.vn/hose/KOS-cong-ty-co-phan-kosy.chn,cong-ty-co-phan-kosy.chn
KPF,http://s.cafef.vn/hose/KPF-cong-ty-co-phan-dau-tu-tai-chinh-hoang-minh.chn,cong-ty-co-phan-dau-tu-tai-chinh-hoang-minh.chn
KSB,http://s.cafef.vn/hose/KSB-cong-ty-co-phan-khoang-san-va-xay-dung-binh-duong.chn,cong-ty-co-phan-khoang-san-va-xay-dung-binh-duong.chn
L10,http://s.cafef.vn/hose/L10-cong-ty-co-phan-lilama-10.chn,cong-ty-co-phan-lilama-10.chn
LAF,http://s.cafef.vn/hose/LAF-cong-ty-co-phan-che-bien-hang-xuat-khau-long-an.chn,cong-ty-co-phan-che-bien-hang-xuat-khau-long-an.chn
LBM,http://s.cafef.vn/hose/LBM-cong-ty-co-phan-khoang-san-va-vat-lieu-xay-dung-lam-dong.chn,cong-ty-co-phan-khoang-san-va-vat-lieu-xay-dung-lam-dong.chn
LCG,http://s.cafef.vn/hose/LCG-cong-ty-co-phan-licogi-16.chn,cong-ty-co-phan-licogi-16.chn
LCM,http://s.cafef.vn/hose/LCM-cong-ty-co-phan-khai-thac-va-che-bien-khoang-san-lao-cai.chn,cong-ty-co-phan-khai-thac-va-che-bien-khoang-san-lao-cai.chn
LDG,http://s.cafef.vn/hose/LDG-cong-ty-co-phan-dau-tu-ldg.chn,cong-ty-co-phan-dau-tu-ldg.chn
LEC,http://s.cafef.vn/hose/LEC-cong-ty-co-phan-bat-dong-san-dien-luc-mien-trung.chn,cong-ty-co-phan-bat-dong-san-dien-luc-mien-trung.chn
LGC,http://s.cafef.vn/hose/LGC-cong-ty-co-phan-dau-tu-cau-duong-cii.chn,cong-ty-co-phan-dau-tu-cau-duong-cii.chn
LGL,http://s.cafef.vn/hose/LGL-cong-ty-co-phan-dau-tu-va-phat-trien-do-thi-long-giang.chn,cong-ty-co-phan-dau-tu-va-phat-trien-do-thi-long-giang.chn
LHG,http://s.cafef.vn/hose/LHG-cong-ty-co-phan-long-hau.chn,cong-ty-co-phan-long-hau.chn
LIX,http://s.cafef.vn/hose/LIX-cong-ty-co-phan-bot-giat-lix.chn,cong-ty-co-phan-bot-giat-lix.chn
LM8,http://s.cafef.vn/hose/LM8-cong-ty-co-phan-lilama-18.chn,cong-ty-co-phan-lilama-18.chn
LSS,http://s.cafef.vn/hose/LSS-cong-ty-co-phan-mia-duong-lam-son.chn,cong-ty-co-phan-mia-duong-lam-son.chn
MCG,http://s.cafef.vn/hose/MCG-cong-ty-co-phan-co-dien-va-xay-dung-viet-nam.chn,cong-ty-co-phan-co-dien-va-xay-dung-viet-nam.chn
MCP,http://s.cafef.vn/hose/MCP-cong-ty-co-phan-in-va-bao-bi-my-chau.chn,cong-ty-co-phan-in-va-bao-bi-my-chau.chn
MDG,http://s.cafef.vn/hose/MDG-cong-ty-co-phan-mien-dong.chn,cong-ty-co-phan-mien-dong.chn
MHC,http://s.cafef.vn/hose/MHC-cong-ty-co-phan-mhc.chn,cong-ty-co-phan-mhc.chn
MIG,http://s.cafef.vn/hose/MIG-tong-cong-ty-co-phan-bao-hiem-quan-doi.chn,tong-cong-ty-co-phan-bao-hiem-quan-doi.chn
MSH,http://s.cafef.vn/hose/MSH-cong-ty-co-phan-may-song-hong.chn,cong-ty-co-phan-may-song-hong.chn
MSN,http://s.cafef.vn/hose/MSN-cong-ty-co-phan-tap-doan-masan.chn,cong-ty-co-phan-tap-doan-masan.chn
MWG,http://s.cafef.vn/hose/MWG-cong-ty-co-phan-dau-tu-the-gioi-di-dong.chn,cong-ty-co-phan-dau-tu-the-gioi-di-dong.chn
NAF,http://s.cafef.vn/hose/NAF-cong-ty-co-phan-nafoods-group.chn,cong-ty-co-phan-nafoods-group.chn
NAV,http://s.cafef.vn/hose/NAV-cong-ty-co-phan-nam-viet.chn,cong-ty-co-phan-nam-viet.chn
NBB,http://s.cafef.vn/hose/NBB-cong-ty-co-phan-dau-tu-nam-bay-bay.chn,cong-ty-co-phan-dau-tu-nam-bay-bay.chn
NCT,http://s.cafef.vn/hose/NCT-cong-ty-co-phan-dich-vu-hang-hoa-noi-bai.chn,cong-ty-co-phan-dich-vu-hang-hoa-noi-bai.chn
NHA,http://s.cafef.vn/hose/NHA-tong-cong-ty-dau-tu-phat-trien-nha-va-do-thi-nam-ha-noi.chn,tong-cong-ty-dau-tu-phat-trien-nha-va-do-thi-nam-ha-noi.chn
NHH,http://s.cafef.vn/hose/NHH-cong-ty-co-phan-nhua-ha-noi.chn,cong-ty-co-phan-nhua-ha-noi.chn
NKG,http://s.cafef.vn/hose/NKG-cong-ty-co-phan-thep-nam-kim.chn,cong-ty-co-phan-thep-nam-kim.chn
NLG,http://s.cafef.vn/hose/NLG-cong-ty-co-phan-dau-tu-nam-long.chn,cong-ty-co-phan-dau-tu-nam-long.chn
NNC,http://s.cafef.vn/hose/NNC-cong-ty-co-phan-da-nui-nho.chn,cong-ty-co-phan-da-nui-nho.chn
NSC,http://s.cafef.vn/hose/NSC-cong-ty-co-phan-tap-doan-giong-cay-trong-viet-nam.chn,cong-ty-co-phan-tap-doan-giong-cay-trong-viet-nam.chn
NT2,http://s.cafef.vn/hose/NT2-cong-ty-co-phan-dien-luc-dau-khi-nhon-trach-2.chn,cong-ty-co-phan-dien-luc-dau-khi-nhon-trach-2.chn
NTL,http://s.cafef.vn/hose/NTL-cong-ty-co-phan-phat-trien-do-thi-tu-liem.chn,cong-ty-co-phan-phat-trien-do-thi-tu-liem.chn
NVL,http://s.cafef.vn/hose/NVL-cong-ty-co-phan-tap-doan-dau-tu-dia-oc-no-va.chn,cong-ty-co-phan-tap-doan-dau-tu-dia-oc-no-va.chn
NVT,http://s.cafef.vn/hose/NVT-cong-ty-co-phan-bat-dong-san-du-lich-ninh-van-bay.chn,cong-ty-co-phan-bat-dong-san-du-lich-ninh-van-bay.chn
OCB,http://s.cafef.vn/hose/OCB-ngan-hang-thuong-mai-co-phan-phuong-dong.chn,ngan-hang-thuong-mai-co-phan-phuong-dong.chn
OGC,http://s.cafef.vn/hose/OGC-cong-ty-co-phan-tap-doan-dai-duong.chn,cong-ty-co-phan-tap-doan-dai-duong.chn
OPC,http://s.cafef.vn/hose/OPC-cong-ty-co-phan-duoc-pham-opc.chn,cong-ty-co-phan-duoc-pham-opc.chn
PAC,http://s.cafef.vn/hose/PAC-cong-ty-co-phan-pin-ac-quy-mien-nam.chn,cong-ty-co-phan-pin-ac-quy-mien-nam.chn
PAN,http://s.cafef.vn/hose/PAN-cong-ty-co-phan-tap-doan-pan.chn,cong-ty-co-phan-tap-doan-pan.chn
PC1,http://s.cafef.vn/hose/PC1-cong-ty-co-phan-xay-lap-dien-1.chn,cong-ty-co-phan-xay-lap-dien-1.chn
PDN,http://s.cafef.vn/hose/PDN-cong-ty-co-phan-cang-dong-nai.chn,cong-ty-co-phan-cang-dong-nai.chn
PDR,http://s.cafef.vn/hose/PDR-cong-ty-co-phan-phat-trien-bat-dong-san-phat-dat.chn,cong-ty-co-phan-phat-trien-bat-dong-san-phat-dat.chn
PET,http://s.cafef.vn/hose/PET-tong-cong-ty-co-phan-dich-vu-tong-hop-dau-khi.chn,tong-cong-ty-co-phan-dich-vu-tong-hop-dau-khi.chn
PGC,http://s.cafef.vn/hose/PGC-tong-cong-ty-gas-petrolimexctcp.chn,tong-cong-ty-gas-petrolimexctcp.chn
PGD,http://s.cafef.vn/hose/PGD-cong-ty-co-phan-phan-phoi-khi-thap-ap-dau-khi-viet-nam.chn,cong-ty-co-phan-phan-phoi-khi-thap-ap-dau-khi-viet-nam.chn
PGI,http://s.cafef.vn/hose/PGI-tong-cong-ty-co-phan-bao-hiem-petrolimex.chn,tong-cong-ty-co-phan-bao-hiem-petrolimex.chn
PHC,http://s.cafef.vn/hose/PHC-cong-ty-co-phan-xay-dung-phuc-hung-holdings.chn,cong-ty-co-phan-xay-dung-phuc-hung-holdings.chn
PHR,http://s.cafef.vn/hose/PHR-cong-ty-co-phan-cao-su-phuoc-hoa.chn,cong-ty-co-phan-cao-su-phuoc-hoa.chn
PIT,http://s.cafef.vn/hose/PIT-cong-ty-co-phan-xuat-nhap-khau-petrolimex.chn,cong-ty-co-phan-xuat-nhap-khau-petrolimex.chn
PJT,http://s.cafef.vn/hose/PJT-cong-ty-co-phan-van-tai-xang-dau-duong-thuy-petrolimex.chn,cong-ty-co-phan-van-tai-xang-dau-duong-thuy-petrolimex.chn
PLP,http://s.cafef.vn/hose/PLP-cong-ty-co-phan-san-xuat-va-cong-nghe-nhua-pha-le.chn,cong-ty-co-phan-san-xuat-va-cong-nghe-nhua-pha-le.chn
PLX,http://s.cafef.vn/hose/PLX-tap-doan-xang-dau-viet-nam.chn,tap-doan-xang-dau-viet-nam.chn
PME,http://s.cafef.vn/hose/PME-cong-ty-co-phan-pymepharco.chn,cong-ty-co-phan-pymepharco.chn
PMG,http://s.cafef.vn/hose/PMG-cong-ty-co-phan-dau-tu-va-san-xuat-petro-mien-trung.chn,cong-ty-co-phan-dau-tu-va-san-xuat-petro-mien-trung.chn
PNC,http://s.cafef.vn/hose/PNC-cong-ty-co-phan-van-hoa-phuong-nam.chn,cong-ty-co-phan-van-hoa-phuong-nam.chn
PNJ,http://s.cafef.vn/hose/PNJ-cong-ty-co-phan-vang-bac-da-quy-phu-nhuan.chn,cong-ty-co-phan-vang-bac-da-quy-phu-nhuan.chn
POM,http://s.cafef.vn/hose/POM-cong-ty-co-phan-thep-pomina.chn,cong-ty-co-phan-thep-pomina.chn
POW,http://s.cafef.vn/hose/POW-tong-cong-ty-dien-luc-dau-khi-viet-nam-ctcp.chn,tong-cong-ty-dien-luc-dau-khi-viet-nam-ctcp.chn
PPC,http://s.cafef.vn/hose/PPC-cong-ty-co-phan-nhiet-dien-pha-lai.chn,cong-ty-co-phan-nhiet-dien-pha-lai.chn
PSH,http://s.cafef.vn/hose/PSH-ctcp-thuong-mai-dau-tu-dau-khi-nam-song-hau.chn,ctcp-thuong-mai-dau-tu-dau-khi-nam-song-hau.chn
PTB,http://s.cafef.vn/hose/PTB-cong-ty-co-phan-phu-tai.chn,cong-ty-co-phan-phu-tai.chn
PTC,http://s.cafef.vn/hose/PTC-cong-ty-co-phan-dau-tu-va-xay-dung-buu-dien.chn,cong-ty-co-phan-dau-tu-va-xay-dung-buu-dien.chn
PTL,http://s.cafef.vn/hose/PTL-cong-ty-co-phan-dau-tu-ha-tang-va-do-thi-dau-khi.chn,cong-ty-co-phan-dau-tu-ha-tang-va-do-thi-dau-khi.chn
PVD,http://s.cafef.vn/hose/PVD-tong-cong-ty-co-phan-khoan-va-dich-vu-khoan-dau-khi.chn,tong-cong-ty-co-phan-khoan-va-dich-vu-khoan-dau-khi.chn
PVT,http://s.cafef.vn/hose/PVT-tong-cong-ty-co-phan-van-tai-dau-khi.chn,tong-cong-ty-co-phan-van-tai-dau-khi.chn
PXI,http://s.cafef.vn/hose/PXI-cong-ty-co-phan-xay-dung-cong-nghiep-va-dan-dung-dau-khi.chn,cong-ty-co-phan-xay-dung-cong-nghiep-va-dan-dung-dau-khi.chn
PXS,http://s.cafef.vn/hose/PXS-cong-ty-co-phan-ket-cau-kim-loai-va-lap-may-dau-khi.chn,cong-ty-co-phan-ket-cau-kim-loai-va-lap-may-dau-khi.chn
PXT,http://s.cafef.vn/hose/PXT-cong-ty-co-phan-xay-lap-duong-ong-be-chua-dau-khi.chn,cong-ty-co-phan-xay-lap-duong-ong-be-chua-dau-khi.chn
QBS,http://s.cafef.vn/hose/QBS-cong-ty-co-phan-xuat-nhap-khau-quang-binh.chn,cong-ty-co-phan-xuat-nhap-khau-quang-binh.chn
QCG,http://s.cafef.vn/hose/QCG-cong-ty-co-phan-quoc-cuong-gia-lai.chn,cong-ty-co-phan-quoc-cuong-gia-lai.chn
RAL,http://s.cafef.vn/hose/RAL-cong-ty-co-phan-bong-den-phich-nuoc-rang-dong.chn,cong-ty-co-phan-bong-den-phich-nuoc-rang-dong.chn
RDP,http://s.cafef.vn/hose/RDP-cong-ty-co-phan-rang-dong-holding.chn,cong-ty-co-phan-rang-dong-holding.chn
REE,http://s.cafef.vn/hose/REE-cong-ty-co-phan-co-dien-lanh.chn,cong-ty-co-phan-co-dien-lanh.chn
RIC,http://s.cafef.vn/hose/RIC-cong-ty-co-phan-quoc-te-hoang-gia.chn,cong-ty-co-phan-quoc-te-hoang-gia.chn
ROS,http://s.cafef.vn/hose/ROS-cong-ty-co-phan-xay-dung-flc-faros.chn,cong-ty-co-phan-xay-dung-flc-faros.chn
S4A,http://s.cafef.vn/hose/S4A-cong-ty-co-phan-thuy-dien-se-san-4a.chn,cong-ty-co-phan-thuy-dien-se-san-4a.chn
SAB,http://s.cafef.vn/hose/SAB-tong-ctcp-bia-ruou-nuoc-giai-khat-sai-gon.chn,tong-ctcp-bia-ruou-nuoc-giai-khat-sai-gon.chn
SAM,http://s.cafef.vn/hose/SAM-cong-ty-co-phan-sam-holdings.chn,cong-ty-co-phan-sam-holdings.chn
SAV,http://s.cafef.vn/hose/SAV-cong-ty-co-phan-hop-tac-kinh-te-va-xuat-nhap-khau-savimex.chn,cong-ty-co-phan-hop-tac-kinh-te-va-xuat-nhap-khau-savimex.chn
SBA,http://s.cafef.vn/hose/SBA-cong-ty-co-phan-song-ba.chn,cong-ty-co-phan-song-ba.chn
SBT,http://s.cafef.vn/hose/SBT-cong-ty-co-phan-thanh-thanh-cong-bien-hoa.chn,cong-ty-co-phan-thanh-thanh-cong-bien-hoa.chn
SBV,http://s.cafef.vn/hose/SBV-ctcp-siam-brothers-viet-nam.chn,ctcp-siam-brothers-viet-nam.chn
SC5,http://s.cafef.vn/hose/SC5-cong-ty-co-phan-xay-dung-so-5.chn,cong-ty-co-phan-xay-dung-so-5.chn
SCD,http://s.cafef.vn/hose/SCD-cong-ty-co-phan-nuoc-giai-khat-chuong-duong.chn,cong-ty-co-phan-nuoc-giai-khat-chuong-duong.chn
SCR,http://s.cafef.vn/hose/SCR-cong-ty-co-phan-dia-oc-sai-gon-thuong-tin.chn,cong-ty-co-phan-dia-oc-sai-gon-thuong-tin.chn
SCS,http://s.cafef.vn/hose/SCS-cong-ty-co-phan-dich-vu-hang-hoa-sai-gon.chn,cong-ty-co-phan-dich-vu-hang-hoa-sai-gon.chn
SFC,http://s.cafef.vn/hose/SFC-cong-ty-co-phan-nhien-lieu-sai-gon.chn,cong-ty-co-phan-nhien-lieu-sai-gon.chn
SFG,http://s.cafef.vn/hose/SFG-cong-ty-co-phan-phan-bon-mien-nam.chn,cong-ty-co-phan-phan-bon-mien-nam.chn
SFI,http://s.cafef.vn/hose/SFI-cong-ty-co-phan-dai-ly-van-tai-safi.chn,cong-ty-co-phan-dai-ly-van-tai-safi.chn
SGN,http://s.cafef.vn/hose/SGN-cong-ty-co-phan-phuc-vu-mat-dat-sai-gon.chn,cong-ty-co-phan-phuc-vu-mat-dat-sai-gon.chn
SGR,http://s.cafef.vn/hose/SGR-cong-ty-co-phan-dia-oc-sai-gon.chn,cong-ty-co-phan-dia-oc-sai-gon.chn
SGT,http://s.cafef.vn/hose/SGT-cong-ty-co-phan-cong-nghe-vien-thong-sai-gon.chn,cong-ty-co-phan-cong-nghe-vien-thong-sai-gon.chn
SHA,http://s.cafef.vn/hose/SHA-cong-ty-co-phan-son-ha-sai-gon.chn,cong-ty-co-phan-son-ha-sai-gon.chn
SHI,http://s.cafef.vn/hose/SHI-cong-ty-co-phan-quoc-te-son-ha.chn,cong-ty-co-phan-quoc-te-son-ha.chn
SHP,http://s.cafef.vn/hose/SHP-cong-ty-co-phan-thuy-dien-mien-nam.chn,cong-ty-co-phan-thuy-dien-mien-nam.chn
SII,http://s.cafef.vn/hose/SII-cong-ty-co-phan-ha-tang-nuoc-sai-gon.chn,cong-ty-co-phan-ha-tang-nuoc-sai-gon.chn
SJD,http://s.cafef.vn/hose/SJD-cong-ty-co-phan-thuy-dien-can-don.chn,cong-ty-co-phan-thuy-dien-can-don.chn
SJF,http://s.cafef.vn/hose/SJF-ctcp-dau-tu-sao-thai-duong.chn,ctcp-dau-tu-sao-thai-duong.chn
SJS,http://s.cafef.vn/hose/SJS-cong-ty-co-phan-dau-tu-phat-trien-do-thi-va-khu-cong-nghiep-song-da.chn,cong-ty-co-phan-dau-tu-phat-trien-do-thi-va-khu-cong-nghiep-song-da.chn
SKG,http://s.cafef.vn/hose/SKG-cong-ty-co-phan-tau-cao-toc-superdong-kien-giang.chn,cong-ty-co-phan-tau-cao-toc-superdong-kien-giang.chn
SMA,http://s.cafef.vn/hose/SMA-cong-ty-co-phan-thiet-bi-phu-tung-sai-gon.chn,cong-ty-co-phan-thiet-bi-phu-tung-sai-gon.chn
SMB,http://s.cafef.vn/hose/SMB-cong-ty-co-phan-bia-sai-gon-mien-trung.chn,cong-ty-co-phan-bia-sai-gon-mien-trung.chn
SMC,http://s.cafef.vn/hose/SMC-cong-ty-co-phan-au-tu-thuong-mai-smc.chn,cong-ty-co-phan-au-tu-thuong-mai-smc.chn
SPM,http://s.cafef.vn/hose/SPM-cong-ty-co-phan-spm.chn,cong-ty-co-phan-spm.chn
SRC,http://s.cafef.vn/hose/SRC-cong-ty-co-phan-cao-su-sao-vang.chn,cong-ty-co-phan-cao-su-sao-vang.chn
SRF,http://s.cafef.vn/hose/SRF-cong-ty-co-phan-ky-nghe-lanh.chn,cong-ty-co-phan-ky-nghe-lanh.chn
SSC,http://s.cafef.vn/hose/SSC-cong-ty-co-phan-giong-cay-trong-mien-nam.chn,cong-ty-co-phan-giong-cay-trong-mien-nam.chn
SSI,http://s.cafef.vn/hose/SSI-cong-ty-co-phan-chung-khoan-ssi.chn,cong-ty-co-phan-chung-khoan-ssi.chn
ST8,http://s.cafef.vn/hose/ST8-cong-ty-co-phan-sieu-thanh.chn,cong-ty-co-phan-sieu-thanh.chn
STG,http://s.cafef.vn/hose/STG-cong-ty-co-phan-kho-van-mien-nam.chn,cong-ty-co-phan-kho-van-mien-nam.chn
STK,http://s.cafef.vn/hose/STK-cong-ty-co-phan-soi-the-ky.chn,cong-ty-co-phan-soi-the-ky.chn
SVC,http://s.cafef.vn/hose/SVC-cong-ty-co-phan-dich-vu-tong-hop-sai-gon.chn,cong-ty-co-phan-dich-vu-tong-hop-sai-gon.chn
SVD,http://s.cafef.vn/hose/SVD-cong-ty-co-phan-dau-tu-va-thuong-mai-vu-dang.chn,cong-ty-co-phan-dau-tu-va-thuong-mai-vu-dang.chn
SVI,http://s.cafef.vn/hose/SVI-cong-ty-co-phan-bao-bi-bien-hoa.chn,cong-ty-co-phan-bao-bi-bien-hoa.chn
SVT,http://s.cafef.vn/hose/SVT-cong-ty-co-phan-cong-nghe-sai-gon-vien-dong.chn,cong-ty-co-phan-cong-nghe-sai-gon-vien-dong.chn
Symbol,Link,Name_Company
SZC,http://s.cafef.vn/hose/SZC-cong-ty-co-phan-sonadezi-chau-duc.chn,cong-ty-co-phan-sonadezi-chau-duc.chn
SZL,http://s.cafef.vn/hose/SZL-cong-ty-co-phan-sonadezi-long-thanh.chn,cong-ty-co-phan-sonadezi-long-thanh.chn
TAC,http://s.cafef.vn/hose/TAC-cong-ty-co-phan-dau-thuc-vat-tuong-an.chn,cong-ty-co-phan-dau-thuc-vat-tuong-an.chn
TBC,http://s.cafef.vn/hose/TBC-cong-ty-co-phan-thuy-dien-thac-ba.chn,cong-ty-co-phan-thuy-dien-thac-ba.chn
TCB,http://s.cafef.vn/hose/TCB-ngan-hang-tmcp-ky-thuong-viet-nam-techcombank.chn,ngan-hang-tmcp-ky-thuong-viet-nam-techcombank.chn
TCD,http://s.cafef.vn/hose/TCD-cong-ty-co-phan-dau-tu-phat-trien-cong-nghiep-va-van-tai.chn,cong-ty-co-phan-dau-tu-phat-trien-cong-nghiep-va-van-tai.chn
TCH,http://s.cafef.vn/hose/TCH-cong-ty-co-phan-dau-tu-dich-vu-tai-chinh-hoang-huy.chn,cong-ty-co-phan-dau-tu-dich-vu-tai-chinh-hoang-huy.chn
TCL,http://s.cafef.vn/hose/TCL-cong-ty-co-phan-dai-ly-giao-nhan-van-tai-xep-do-tan-cang.chn,cong-ty-co-phan-dai-ly-giao-nhan-van-tai-xep-do-tan-cang.chn
TCM,http://s.cafef.vn/hose/TCM-cong-ty-co-phan-det-may-dau-tu-thuong-mai-thanh-cong.chn,cong-ty-co-phan-det-may-dau-tu-thuong-mai-thanh-cong.chn
TCO,http://s.cafef.vn/hose/TCO-cong-ty-co-phan-van-tai-da-phuong-thuc-duyen-hai.chn,cong-ty-co-phan-van-tai-da-phuong-thuc-duyen-hai.chn
TCR,http://s.cafef.vn/hose/TCR-cong-ty-co-phan-cong-nghiep-gom-su-taicera.chn,cong-ty-co-phan-cong-nghiep-gom-su-taicera.chn
TCT,http://s.cafef.vn/hose/TCT-cong-ty-co-phan-cap-treo-nui-ba-tay-ninh.chn,cong-ty-co-phan-cap-treo-nui-ba-tay-ninh.chn
TDC,http://s.cafef.vn/hose/TDC-cong-ty-co-phan-kinh-doanh-va-phat-trien-binh-duong.chn,cong-ty-co-phan-kinh-doanh-va-phat-trien-binh-duong.chn
TDG,http://s.cafef.vn/hose/TDG-cong-ty-co-phan-dau-khi-thai-duong.chn,cong-ty-co-phan-dau-khi-thai-duong.chn
TDH,http://s.cafef.vn/hose/TDH-cong-ty-co-phan-phat-trien-nha-thu-duc.chn,cong-ty-co-phan-phat-trien-nha-thu-duc.chn
TDM,http://s.cafef.vn/hose/TDM-cong-ty-co-phan-nuoc-thu-dau-mot.chn,cong-ty-co-phan-nuoc-thu-dau-mot.chn
TDP,http://s.cafef.vn/hose/TDP-cong-ty-co-phan-thuan-duc.chn,cong-ty-co-phan-thuan-duc.chn
TDW,http://s.cafef.vn/hose/TDW-cong-ty-co-phan-cap-nuoc-thu-duc.chn,cong-ty-co-phan-cap-nuoc-thu-duc.chn
TEG,http://s.cafef.vn/hose/TEG-cong-ty-co-phan-nang-luong-va-bat-dong-san-truong-thanh.chn,cong-ty-co-phan-nang-luong-va-bat-dong-san-truong-thanh.chn
TGG,http://s.cafef.vn/hose/TGG-cong-ty-co-phan-xay-dung-va-dau-tu-truong-giang.chn,cong-ty-co-phan-xay-dung-va-dau-tu-truong-giang.chn
THG,http://s.cafef.vn/hose/THG-cong-ty-co-phan-dau-tu-va-xay-dung-tien-giang.chn,cong-ty-co-phan-dau-tu-va-xay-dung-tien-giang.chn
THI,http://s.cafef.vn/hose/THI-cong-ty-co-phan-thiet-bi-dien.chn,cong-ty-co-phan-thiet-bi-dien.chn
TIP,http://s.cafef.vn/hose/TIP-cong-ty-co-phan-phat-trien-khu-cong-nghiep-tin-nghia.chn,cong-ty-co-phan-phat-trien-khu-cong-nghiep-tin-nghia.chn
TIX,http://s.cafef.vn/hose/TIX-ctcp-san-xuat-kinh-doanh-xuat-nhap-khau-dich-vu-va-dau-tu-tan-binh.chn,ctcp-san-xuat-kinh-doanh-xuat-nhap-khau-dich-vu-va-dau-tu-tan-binh.chn
TLD,http://s.cafef.vn/hose/TLD-cong-ty-co-phan-dau-tu-xay-dung-va-phat-trien-do-thi-thang-long.chn,cong-ty-co-phan-dau-tu-xay-dung-va-phat-trien-do-thi-thang-long.chn
TLG,http://s.cafef.vn/hose/TLG-cong-ty-co-phan-tap-doan-thien-long.chn,cong-ty-co-phan-tap-doan-thien-long.chn
TLH,http://s.cafef.vn/hose/TLH-cong-ty-co-phan-tap-doan-thep-tien-len.chn,cong-ty-co-phan-tap-doan-thep-tien-len.chn
TMP,http://s.cafef.vn/hose/TMP-cong-ty-co-phan-thuy-dien-thac-mo.chn,cong-ty-co-phan-thuy-dien-thac-mo.chn
TMS,http://s.cafef.vn/hose/TMS-cong-ty-co-phan-transimex.chn,cong-ty-co-phan-transimex.chn
TMT,http://s.cafef.vn/hose/TMT-cong-ty-co-phan-o-to-tmt.chn,cong-ty-co-phan-o-to-tmt.chn
TN1,http://s.cafef.vn/hose/TN1-cong-ty-co-phan-thuong-mai-dich-vu-tns-holdings.chn,cong-ty-co-phan-thuong-mai-dich-vu-tns-holdings.chn
TNA,http://s.cafef.vn/hose/TNA-cong-ty-co-phan-thuong-mai-xuat-nhap-khau-thien-nam.chn,cong-ty-co-phan-thuong-mai-xuat-nhap-khau-thien-nam.chn
TNC,http://s.cafef.vn/hose/TNC-cong-ty-co-phan-cao-su-thong-nhat.chn,cong-ty-co-phan-cao-su-thong-nhat.chn
TNH,http://s.cafef.vn/hose/TNH-cong-ty-co-phan-benh-vien-quoc-te-thai-nguyen.chn,cong-ty-co-phan-benh-vien-quoc-te-thai-nguyen.chn
TNI,http://s.cafef.vn/hose/TNI-cong-ty-co-phan-tap-doan-thanh-nam.chn,cong-ty-co-phan-tap-doan-thanh-nam.chn
TNT,http://s.cafef.vn/hose/TNT-cong-ty-co-phan-tai-nguyen.chn,cong-ty-co-phan-tai-nguyen.chn
TPC,http://s.cafef.vn/hose/TPC-cong-ty-co-phan-nhua-tan-dai-hung.chn,cong-ty-co-phan-nhua-tan-dai-hung.chn
TRA,http://s.cafef.vn/hose/TRA-cong-ty-co-phan-traphaco.chn,cong-ty-co-phan-traphaco.chn
TRC,http://s.cafef.vn/hose/TRC-cong-ty-co-phan-cao-su-tay-ninh.chn,cong-ty-co-phan-cao-su-tay-ninh.chn
TS4,http://s.cafef.vn/hose/TS4-cong-ty-co-phan-thuy-san-so-4.chn,cong-ty-co-phan-thuy-san-so-4.chn
TSC,http://s.cafef.vn/hose/TSC-cong-ty-co-phan-vat-tu-ky-thuat-nong-nghiep-can-tho.chn,cong-ty-co-phan-vat-tu-ky-thuat-nong-nghiep-can-tho.chn
TTA,http://s.cafef.vn/hose/TTA-cong-ty-co-phan-dau-tu-xay-dung-va-phat-trien-truong-thanh.chn,cong-ty-co-phan-dau-tu-xay-dung-va-phat-trien-truong-thanh.chn
TTB,http://s.cafef.vn/hose/TTB-cong-ty-co-phan-tap-doan-tien-bo.chn,cong-ty-co-phan-tap-doan-tien-bo.chn
TTE,http://s.cafef.vn/hose/TTE-cong-ty-co-phan-dau-tu-nang-luong-truong-thinh.chn,cong-ty-co-phan-dau-tu-nang-luong-truong-thinh.chn
TTF,http://s.cafef.vn/hose/TTF-cong-ty-co-phan-tap-doan-ky-nghe-go-truong-thanh.chn,cong-ty-co-phan-tap-doan-ky-nghe-go-truong-thanh.chn
TV2,http://s.cafef.vn/hose/TV2-cong-ty-co-phan-tu-van-xay-dung-dien-2.chn,cong-ty-co-phan-tu-van-xay-dung-dien-2.chn
TVB,http://s.cafef.vn/hose/TVB-cong-ty-co-phan-chung-khoan-tri-viet.chn,cong-ty-co-phan-chung-khoan-tri-viet.chn
TVS,http://s.cafef.vn/hose/TVS-cong-ty-co-phan-chung-khoan-thien-viet.chn,cong-ty-co-phan-chung-khoan-thien-viet.chn
TVT,http://s.cafef.vn/hose/TVT-tong-cong-ty-viet-thang-ctcp.chn,tong-cong-ty-viet-thang-ctcp.chn
TYA,http://s.cafef.vn/hose/TYA-cong-ty-co-phan-day-va-cap-dien-taya-viet-nam.chn,cong-ty-co-phan-day-va-cap-dien-taya-viet-nam.chn
UDC,http://s.cafef.vn/hose/UDC-cong-ty-co-phan-xay-dung-va-phat-trien-do-thi-tinh-ba-riavung-tau.chn,cong-ty-co-phan-xay-dung-va-phat-trien-do-thi-tinh-ba-riavung-tau.chn
UIC,http://s.cafef.vn/hose/UIC-cong-ty-co-phan-dau-tu-phat-trien-nha-va-do-thi-idico.chn,cong-ty-co-phan-dau-tu-phat-trien-nha-va-do-thi-idico.chn
VAF,http://s.cafef.vn/hose/VAF-cong-ty-co-phan-phan-lan-nung-chay-van-dien.chn,cong-ty-co-phan-phan-lan-nung-chay-van-dien.chn
VCF,http://s.cafef.vn/hose/VCF-cong-ty-co-phan-vinacafe-bien-hoa.chn,cong-ty-co-phan-vinacafe-bien-hoa.chn
VCG,http://s.cafef.vn/hose/VCG-tong-cong-ty-co-phan-xuat-nhap-khau-va-xay-dung-viet-nam.chn,tong-cong-ty-co-phan-xuat-nhap-khau-va-xay-dung-viet-nam.chn
VCI,http://s.cafef.vn/hose/VCI-cong-ty-co-phan-chung-khoan-ban-viet.chn,cong-ty-co-phan-chung-khoan-ban-viet.chn
VDP,http://s.cafef.vn/hose/VDP-cong-ty-co-phan-duoc-pham-trung-uong-vidipha.chn,cong-ty-co-phan-duoc-pham-trung-uong-vidipha.chn
VDS,http://s.cafef.vn/hose/VDS-cong-ty-co-phan-chung-khoan-rong-viet.chn,cong-ty-co-phan-chung-khoan-rong-viet.chn
VFG,http://s.cafef.vn/hose/VFG-cong-ty-co-phan-khu-trung-viet-nam.chn,cong-ty-co-phan-khu-trung-viet-nam.chn
VGC,http://s.cafef.vn/hose/VGC-tong-cong-ty-viglacera-ctcp.chn,tong-cong-ty-viglacera-ctcp.chn
VHC,http://s.cafef.vn/hose/VHC-cong-ty-co-phan-vinh-hoan.chn,cong-ty-co-phan-vinh-hoan.chn
VHM,http://s.cafef.vn/hose/VHM-cong-ty-co-phan-vinhomes.chn,cong-ty-co-phan-vinhomes.chn
VIC,http://s.cafef.vn/hose/VIC-tap-doan-vingroup-cong-ty-co-phan.chn,tap-doan-vingroup-cong-ty-co-phan.chn
VID,http://s.cafef.vn/hose/VID-cong-ty-co-phan-dau-tu-phat-trien-thuong-mai-vien-dong.chn,cong-ty-co-phan-dau-tu-phat-trien-thuong-mai-vien-dong.chn
VIP,http://s.cafef.vn/hose/VIP-cong-ty-co-phan-van-tai-xang-dau-vipco.chn,cong-ty-co-phan-van-tai-xang-dau-vipco.chn
VIS,http://s.cafef.vn/hose/VIS-cong-ty-co-phan-thep-viet-y.chn,cong-ty-co-phan-thep-viet-y.chn
VIX,http://s.cafef.vn/hose/VIX-cong-ty-co-phan-chung-khoan-vix.chn,cong-ty-co-phan-chung-khoan-vix.chn
VJC,http://s.cafef.vn/hose/VJC-cong-ty-co-phan-hang-khong-vietjet.chn,cong-ty-co-phan-hang-khong-vietjet.chn
VMD,http://s.cafef.vn/hose/VMD-cong-ty-co-phan-y-duoc-pham-vimedimex.chn,cong-ty-co-phan-y-duoc-pham-vimedimex.chn
VND,http://s.cafef.vn/hose/VND-cong-ty-co-phan-chung-khoan-vndirect.chn,cong-ty-co-phan-chung-khoan-vndirect.chn
VNE,http://s.cafef.vn/hose/VNE-tong-cong-ty-co-phan-xay-dung-dien-viet-nam.chn,tong-cong-ty-co-phan-xay-dung-dien-viet-nam.chn
VNG,http://s.cafef.vn/hose/VNG-cong-ty-co-phan-du-lich-thanh-thanh-cong.chn,cong-ty-co-phan-du-lich-thanh-thanh-cong.chn
VNL,http://s.cafef.vn/hose/VNL-cong-ty-co-phan-logistics-vinalink.chn,cong-ty-co-phan-logistics-vinalink.chn
VNM,http://s.cafef.vn/hose/VNM-cong-ty-co-phan-sua-viet-nam.chn,cong-ty-co-phan-sua-viet-nam.chn
VNS,http://s.cafef.vn/hose/VNS-cong-ty-co-phan-anh-duong-viet-nam.chn,cong-ty-co-phan-anh-duong-viet-nam.chn
VOS,http://s.cafef.vn/hose/VOS-cong-ty-co-phan-van-tai-bien-viet-nam.chn,cong-ty-co-phan-van-tai-bien-viet-nam.chn
VPD,http://s.cafef.vn/hose/VPD-cong-ty-co-phan-phat-trien-dien-luc-viet-nam.chn,cong-ty-co-phan-phat-trien-dien-luc-viet-nam.chn
VPG,http://s.cafef.vn/hose/VPG-cong-ty-co-phan-dau-tu-thuong-mai-xuat-nhap-khau-viet-phat.chn,cong-ty-co-phan-dau-tu-thuong-mai-xuat-nhap-khau-viet-phat.chn
VPH,http://s.cafef.vn/hose/VPH-cong-ty-co-phan-van-phat-hung.chn,cong-ty-co-phan-van-phat-hung.chn
VPI,http://s.cafef.vn/hose/VPI-cong-ty-co-phan-dau-tu-van-phu-invest.chn,cong-ty-co-phan-dau-tu-van-phu-invest.chn
VPS,http://s.cafef.vn/hose/VPS-ctcp-thuoc-sat-trung-viet-nam.chn,ctcp-thuoc-sat-trung-viet-nam.chn
VRC,http://s.cafef.vn/hose/VRC-cong-ty-co-phan-bat-dong-san-va-dau-tu-vrc.chn,cong-ty-co-phan-bat-dong-san-va-dau-tu-vrc.chn
VRE,http://s.cafef.vn/hose/VRE-cong-ty-co-phan-vincom-retail.chn,cong-ty-co-phan-vincom-retail.chn
VSC,http://s.cafef.vn/hose/VSC-cong-ty-co-phan-tap-doan-container-viet-nam.chn,cong-ty-co-phan-tap-doan-container-viet-nam.chn
VSH,http://s.cafef.vn/hose/VSH-cong-ty-co-phan-thuy-dien-vinh-son-song-hinh.chn,cong-ty-co-phan-thuy-dien-vinh-son-song-hinh.chn
VSI,http://s.cafef.vn/hose/VSI-cong-ty-co-phan-dau-tu-va-xay-dung-cap-thoat-nuoc.chn,cong-ty-co-phan-dau-tu-va-xay-dung-cap-thoat-nuoc.chn
VTB,http://s.cafef.vn/hose/VTB-cong-ty-co-phan-viettronics-tan-binh.chn,cong-ty-co-phan-viettronics-tan-binh.chn
VTO,http://s.cafef.vn/hose/VTO-cong-ty-co-phan-van-tai-xang-dau-vitaco.chn,cong-ty-co-phan-van-tai-xang-dau-vitaco.chn
YBM,http://s.cafef.vn/hose/YBM-cong-ty-co-phan-khoang-san-cong-nghiep-yen-bai.chn,cong-ty-co-phan-khoang-san-cong-nghiep-yen-bai.chn
YEG,http://s.cafef.vn/hose/YEG-cong-ty-co-phan-tap-doan-yeah1.chn,cong-ty-co-phan-tap-doan-yeah1.chn